dataset,category,seed,fallback_budget,fast_only_auroc,risk_auroc,random_auroc,fast_score_auroc,uncertainty_auroc,fast_only_recall,risk_recall,random_recall,fast_score_recall,uncertainty_recall,risk_delta,risk_recall_delta,risk_minus_fast_score,risk_minus_uncertainty,fallback_rate,fallback_count,total
MVTec,bottle,5,0.1,0.9523809523809523,0.9841269841269841,0.8841269841269841,0.9523809523809523,0.953968253968254,0.7142857142857143,0.9523809523809523,0.1111111111111111,0.7142857142857143,0.7301587301587301,0.09999999999999998,0.8412698412698412,0.031746031746031744,0.03015873015873005,0.10843373493975904,9,83
MVTec,cable,5,0.1,0.8002248875562219,0.8525112443778111,0.7014617691154422,0.8002248875562219,0.7923538230884558,0.2826086956521739,0.6195652173913043,0.07608695652173914,0.2826086956521739,0.25,0.1510494752623689,0.5434782608695652,0.05228635682158922,0.060157421289355306,0.1,15,150
MVTec,capsule,5,0.1,0.7351416035101715,0.7243717590745912,0.6386118867171918,0.7351416035101715,0.5907459114479457,0.22018348623853212,0.25688073394495414,0.09174311926605505,0.22018348623853212,0.07339449541284404,0.08575987235739935,0.1651376146788991,-0.010769844435580378,0.13362584762664542,0.10606060606060606,14,132
MVTec,carpet,5,0.1,0.5256821829855538,0.8976725521669342,0.5401284109149278,0.5292937399678973,0.5710272873194222,0.056179775280898875,0.8426966292134831,0.10112359550561797,0.07865168539325842,0.16853932584269662,0.3575441412520064,0.7415730337078651,0.3683788121990369,0.326645264847512,0.10256410256410256,12,117
MVTec,grid,5,0.1,0.5672514619883041,0.5605680868838764,0.48203842940685043,0.568922305764411,0.6031746031746031,0.14035087719298245,0.14035087719298245,0.07017543859649122,0.14035087719298245,0.2631578947368421,0.07852965747702595,0.07017543859649122,-0.00835421888053467,-0.04260651629072676,0.10256410256410256,8,78
MVTec,hazelnut,5,0.1,0.9057142857142857,0.9575,0.8235714285714286,0.9057142857142857,0.9096428571428572,0.6428571428571429,0.8428571428571429,0.1,0.6428571428571429,0.6714285714285714,0.1339285714285714,0.7428571428571429,0.051785714285714324,0.04785714285714282,0.1,11,110
MVTec,leather,5,0.1,0.9059103260869565,0.9996603260869565,0.8145380434782609,0.9059103260869565,0.9069293478260869,0.6847826086956522,1.0,0.09782608695652174,0.6847826086956522,0.6847826086956522,0.18512228260869568,0.9021739130434783,0.09375,0.09273097826086962,0.10483870967741936,13,124
MVTec,metal_nut,5,0.1,0.7634408602150538,0.8880742913000977,0.7517106549364614,0.7634408602150538,0.7644183773216031,0.41935483870967744,0.7634408602150538,0.10752688172043011,0.41935483870967744,0.4838709677419355,0.13636363636363635,0.6559139784946236,0.12463343108504399,0.12365591397849462,0.10434782608695652,12,115
MVTec,pill,5,0.1,0.7525913802509547,0.6950354609929078,0.7304964539007093,0.7525913802509547,0.7133115111838516,0.3049645390070922,0.09929078014184398,0.09219858156028368,0.3049645390070922,0.09929078014184398,-0.03546099290780147,0.007092198581560294,-0.05755591925804693,-0.018276050190943804,0.10179640718562874,17,167
MVTec,screw,5,0.1,0.5203935232629637,0.47366263578602175,0.5095306415249027,0.5244927239188358,0.5814716130354581,0.025210084033613446,0.1092436974789916,0.07563025210084033,0.07563025210084033,0.15126050420168066,-0.03586800573888094,0.033613445378151266,-0.05083008813281409,-0.10780897724943639,0.1,16,160
MVTec,tile,5,0.1,0.9076479076479076,0.9754689754689755,0.8412698412698413,0.9076479076479076,0.9076479076479076,0.7261904761904762,0.9523809523809523,0.10714285714285714,0.7261904761904762,0.7261904761904762,0.1341991341991342,0.8452380952380952,0.06782106782106789,0.06782106782106789,0.10256410256410256,12,117
MVTec,toothbrush,5,0.1,0.9777777777777777,0.9777777777777777,0.8333333333333334,0.9777777777777777,0.9777777777777777,0.9,0.9,0.1,0.9,0.9,0.14444444444444438,0.8,0.0,0.0,0.11904761904761904,5,42
MVTec,transistor,5,0.1,0.8583333333333333,0.7970833333333334,0.81875,0.8583333333333333,0.8108333333333333,0.525,0.375,0.125,0.525,0.075,-0.021666666666666612,0.25,-0.061249999999999916,-0.013749999999999929,0.1,10,100
MVTec,wood,5,0.1,0.7263157894736842,0.9850877192982456,0.6710526315789473,0.7263157894736842,0.7271929824561404,0.43333333333333335,0.8833333333333333,0.08333333333333333,0.43333333333333335,0.45,0.3140350877192982,0.7999999999999999,0.2587719298245613,0.2578947368421052,0.10126582278481013,8,79
MVTec,zipper,5,0.1,0.9178046218487395,0.8626575630252101,0.8159138655462185,0.9178046218487395,0.8752626050420168,0.7563025210084033,0.058823529411764705,0.10084033613445378,0.7563025210084033,0.11764705882352941,0.04674369747899165,-0.04201680672268908,-0.05514705882352933,-0.012605042016806678,0.10596026490066225,16,151
MVTec,bottle,17,0.1,0.9515873015873015,0.9841269841269841,0.9246031746031746,0.9515873015873015,0.9515873015873015,0.6984126984126984,0.9523809523809523,0.12698412698412698,0.6984126984126984,0.6984126984126984,0.05952380952380942,0.8253968253968254,0.032539682539682535,0.032539682539682535,0.10843373493975904,9,83
MVTec,cable,17,0.1,0.787856071964018,0.8429535232383808,0.7016491754122939,0.787856071964018,0.796664167916042,0.2717391304347826,0.5652173913043478,0.07608695652173914,0.2717391304347826,0.32608695652173914,0.14130434782608692,0.48913043478260865,0.05509745127436283,0.0462893553223388,0.1,15,150
MVTec,capsule,17,0.1,0.7287594734742721,0.7239728759473474,0.5939369764658955,0.7287594734742721,0.6194654966094935,0.23853211009174313,0.3211009174311927,0.09174311926605505,0.23853211009174313,0.08256880733944955,0.1300358994814519,0.22935779816513763,-0.004786597526924674,0.10450737933785392,0.10606060606060606,14,132
MVTec,carpet,17,0.1,0.5212680577849117,0.9129213483146067,0.49398073836276085,0.5240770465489567,0.5682182985553772,0.056179775280898875,0.8651685393258427,0.07865168539325842,0.07865168539325842,0.16853932584269662,0.41894060995184584,0.7865168539325843,0.38884430176565,0.3447030497592295,0.10256410256410256,12,117
MVTec,grid,17,0.1,0.46365914786967416,0.5263157894736842,0.4828738512949039,0.4653299916457811,0.5221386800334169,0.05263157894736842,0.15789473684210525,0.08771929824561403,0.08771929824561403,0.17543859649122806,0.04344193817878028,0.07017543859649122,0.06098579782790309,0.004177109440267279,0.10256410256410256,8,78
MVTec,hazelnut,17,0.1,0.9178571428571428,0.9746428571428571,0.8103571428571429,0.9178571428571428,0.925,0.6714285714285714,0.8857142857142857,0.08571428571428572,0.6714285714285714,0.7,0.16428571428571426,0.7999999999999999,0.05678571428571433,0.0496428571428571,0.1,11,110
MVTec,leather,17,0.1,0.90625,1.0,0.8410326086956522,0.90625,0.9079483695652174,0.7391304347826086,1.0,0.10869565217391304,0.7391304347826086,0.75,0.15896739130434778,0.8913043478260869,0.09375,0.0920516304347826,0.10483870967741936,13,124
MVTec,metal_nut,17,0.1,0.7839687194525904,0.8958944281524927,0.7223851417399805,0.7839687194525904,0.7873900293255132,0.4946236559139785,0.7956989247311828,0.0967741935483871,0.4946236559139785,0.5161290322580645,0.17350928641251218,0.6989247311827956,0.11192570869990226,0.10850439882697949,0.10434782608695652,12,115
MVTec,pill,17,0.1,0.7515002727768685,0.7313147845062739,0.6901254773595199,0.7515002727768685,0.6925804691762139,0.3191489361702128,0.19148936170212766,0.09219858156028368,0.3191489361702128,0.09929078014184398,0.04118930714675395,0.09929078014184398,-0.02018548827059463,0.03873431533006,0.10179640718562874,17,167
MVTec,screw,17,0.1,0.5353556056568969,0.4875999180159869,0.5298216847714695,0.5378151260504201,0.5995080959212954,0.06722689075630252,0.10084033613445378,0.058823529411764705,0.09243697478991597,0.19327731092436976,-0.042221766755482615,0.04201680672268908,-0.050215208034433245,-0.11190817790530849,0.1,16,160
MVTec,tile,17,0.1,0.8867243867243867,0.9855699855699855,0.7723665223665224,0.8867243867243867,0.8867243867243867,0.6666666666666666,0.9642857142857143,0.08333333333333333,0.6666666666666666,0.6666666666666666,0.21320346320346317,0.8809523809523809,0.09884559884559885,0.09884559884559885,0.10256410256410256,12,117
MVTec,toothbrush,17,0.1,0.9722222222222222,0.9722222222222222,0.9027777777777778,0.9722222222222222,0.9722222222222222,0.9,0.9,0.1,0.9,0.9,0.06944444444444442,0.8,0.0,0.0,0.11904761904761904,5,42
MVTec,transistor,17,0.1,0.8425,0.82375,0.7895833333333333,0.8425,0.7995833333333333,0.475,0.275,0.1,0.475,0.075,0.03416666666666668,0.17500000000000002,-0.018750000000000044,0.02416666666666667,0.1,10,100
MVTec,wood,17,0.1,0.7508771929824561,0.9798245614035088,0.7043859649122807,0.7508771929824561,0.7517543859649123,0.43333333333333335,0.8833333333333333,0.1,0.43333333333333335,0.45,0.27543859649122815,0.7833333333333333,0.22894736842105268,0.22807017543859653,0.10126582278481013,8,79
MVTec,zipper,17,0.1,0.9283088235294118,0.9012605042016807,0.8563550420168067,0.9283088235294118,0.9086134453781513,0.7647058823529411,0.7310924369747899,0.1092436974789916,0.7647058823529411,0.7478991596638656,0.04490546218487401,0.6218487394957983,-0.027048319327731107,-0.007352941176470562,0.10596026490066225,16,151
MVTec,bottle,29,0.1,0.9444444444444444,0.9801587301587301,0.9103174603174603,0.9444444444444444,0.9444444444444444,0.6984126984126984,0.9365079365079365,0.12698412698412698,0.6984126984126984,0.6984126984126984,0.06984126984126982,0.8095238095238095,0.0357142857142857,0.0357142857142857,0.10843373493975904,9,83
MVTec,cable,29,0.1,0.8000374812593704,0.849887556221889,0.7475637181409296,0.8000374812593704,0.7921664167916042,0.33695652173913043,0.6630434782608695,0.10869565217391304,0.33695652173913043,0.2608695652173913,0.10232383808095946,0.5543478260869564,0.0498500749625187,0.057721139430284896,0.1,15,150
MVTec,capsule,29,0.1,0.7391304347826086,0.7112086158755485,0.680893498205026,0.7391304347826086,0.6306342241723175,0.25688073394495414,0.3394495412844037,0.08256880733944955,0.25688073394495414,0.08256880733944955,0.03031511767052253,0.25688073394495414,-0.027921818907060136,0.080574391703231,0.10606060606060606,14,132
MVTec,carpet,29,0.1,0.5377207062600321,0.9101123595505618,0.5308988764044944,0.5401284109149278,0.5830658105939005,0.056179775280898875,0.8651685393258427,0.11235955056179775,0.07865168539325842,0.16853932584269662,0.3792134831460674,0.752808988764045,0.369983948635634,0.3270465489566613,0.10256410256410256,12,117
MVTec,grid,29,0.1,0.529657477025898,0.5513784461152882,0.47451963241436923,0.5271512113617377,0.5756056808688388,0.10526315789473684,0.14035087719298245,0.07017543859649122,0.07017543859649122,0.22807017543859648,0.07685881370091896,0.07017543859649122,0.024227234753550486,-0.024227234753550597,0.10256410256410256,8,78
MVTec,hazelnut,29,0.1,0.8985714285714286,0.9714285714285714,0.8210714285714286,0.8985714285714286,0.9025,0.5714285714285714,0.8571428571428571,0.1,0.5714285714285714,0.6,0.15035714285714286,0.7571428571428571,0.07285714285714284,0.06892857142857145,0.1,11,110
MVTec,leather,29,0.1,0.9133831521739131,1.0,0.8688858695652174,0.9133831521739131,0.915421195652174,0.75,1.0,0.11956521739130435,0.75,0.7608695652173914,0.1311141304347826,0.8804347826086957,0.08661684782608692,0.08457880434782605,0.10483870967741936,13,124
MVTec,metal_nut,29,0.1,0.7996089931573802,0.8993157380254154,0.7810361681329423,0.7996089931573802,0.7883675464320625,0.4838709677419355,0.7849462365591398,0.5161290322580645,0.4838709677419355,0.5591397849462365,0.11827956989247312,0.26881720430107525,0.09970674486803521,0.1109481915933529,0.10434782608695652,12,115
MVTec,pill,29,0.1,0.7733224222585925,0.6614839061647573,0.8000545553737043,0.7733224222585925,0.7310420076377523,0.3049645390070922,0.20567375886524822,0.3971631205673759,0.3049645390070922,0.09929078014184398,-0.13857064920894702,-0.1914893617021277,-0.11183851609383522,-0.06955810147299502,0.10179640718562874,17,167
MVTec,screw,29,0.1,0.5357655257224841,0.4375896700143472,0.4763271162123386,0.5372002459520393,0.570608731297397,0.04201680672268908,0.10084033613445378,0.07563025210084033,0.058823529411764705,0.15966386554621848,-0.03873744619799141,0.025210084033613453,-0.09961057593769213,-0.1330190612830498,0.1,16,160
MVTec,tile,29,0.1,0.9004329004329005,0.9862914862914863,0.8124098124098124,0.9004329004329005,0.9004329004329005,0.6904761904761905,0.9761904761904762,0.09523809523809523,0.6904761904761905,0.6904761904761905,0.17388167388167397,0.8809523809523809,0.08585858585858586,0.08585858585858586,0.10256410256410256,12,117
MVTec,toothbrush,29,0.1,0.9722222222222222,0.9722222222222222,0.9,0.9722222222222222,0.9722222222222222,0.9333333333333333,0.9333333333333333,0.13333333333333333,0.9333333333333333,0.9333333333333333,0.07222222222222219,0.8,0.0,0.0,0.11904761904761904,5,42
MVTec,transistor,29,0.1,0.82625,0.8008333333333333,0.7754166666666666,0.82625,0.78375,0.45,0.35,0.1,0.45,0.1,0.025416666666666643,0.24999999999999997,-0.025416666666666754,0.01708333333333334,0.1,10,100
MVTec,wood,29,0.1,0.75,0.980701754385965,0.712280701754386,0.75,0.75,0.48333333333333334,0.8833333333333333,0.08333333333333333,0.48333333333333334,0.48333333333333334,0.268421052631579,0.7999999999999999,0.23070175438596496,0.23070175438596496,0.10126582278481013,8,79
MVTec,zipper,29,0.1,0.9133403361344538,0.8579306722689075,0.8264180672268907,0.9133403361344538,0.8952205882352942,0.7394957983193278,0.05042016806722689,0.10084033613445378,0.7394957983193278,0.7310924369747899,0.031512605042016806,-0.05042016806722689,-0.055409663865546244,-0.037289915966386644,0.10596026490066225,16,151
MVTec,bottle,5,0.25,0.9523809523809523,0.9865079365079366,0.7087301587301588,0.9523809523809523,0.9563492063492064,0.7142857142857143,0.9841269841269841,0.2222222222222222,0.7142857142857143,0.7619047619047619,0.2777777777777778,0.7619047619047619,0.03412698412698423,0.030158730158730163,0.25301204819277107,21,83
MVTec,cable,5,0.25,0.8002248875562219,0.8585082458770614,0.7473763118440779,0.8079085457271364,0.7822338830584707,0.2826086956521739,0.7065217391304348,0.2826086956521739,0.3695652173913043,0.34782608695652173,0.11113193403298349,0.4239130434782609,0.05059970014992499,0.07627436281859068,0.25333333333333335,38,150
MVTec,capsule,5,0.25,0.7351416035101715,0.7112086158755485,0.6358197048264859,0.7407259672915836,0.5951336258476266,0.22018348623853212,0.3211009174311927,0.24770642201834864,0.26605504587155965,0.2018348623853211,0.07538891104906265,0.07339449541284404,-0.029517351416035065,0.11607499002792188,0.25,33,132
MVTec,carpet,5,0.25,0.5256821829855538,0.9141252006420546,0.5393258426966292,0.5666131621187801,0.6528892455858748,0.056179775280898875,0.8764044943820225,0.23595505617977527,0.20224719101123595,0.34831460674157305,0.3747993579454254,0.6404494382022472,0.3475120385232745,0.2612359550561798,0.2564102564102564,30,117
MVTec,grid,5,0.25,0.5672514619883041,0.6073517126148705,0.6299081035923141,0.5655806182121972,0.5781119465329991,0.14035087719298245,0.24561403508771928,0.22807017543859648,0.14035087719298245,0.2807017543859649,-0.022556390977443552,0.017543859649122806,0.04177109440267335,0.0292397660818714,0.2564102564102564,20,78
MVTec,hazelnut,5,0.25,0.9057142857142857,0.9807142857142858,0.7425,0.9057142857142857,0.93,0.6428571428571429,0.9428571428571428,0.2571428571428571,0.6428571428571429,0.7428571428571429,0.2382142857142857,0.6857142857142857,0.07500000000000007,0.05071428571428571,0.2545454545454545,28,110
MVTec,leather,5,0.25,0.9059103260869565,0.9996603260869565,0.7809103260869565,0.9059103260869565,0.9228940217391305,0.6847826086956522,1.0,0.25,0.6847826086956522,0.7391304347826086,0.21875,0.75,0.09375,0.07676630434782605,0.25,31,124
MVTec,metal_nut,5,0.25,0.7634408602150538,0.9257086999022482,0.7575757575757576,0.7634408602150538,0.6984359726295211,0.41935483870967744,0.8709677419354839,0.24731182795698925,0.41935483870967744,0.25806451612903225,0.16813294232649068,0.6236559139784946,0.1622678396871945,0.22727272727272718,0.25217391304347825,29,115
MVTec,pill,5,0.25,0.7525913802509547,0.6377523186033824,0.6696672122204037,0.7555919258046918,0.662847790507365,0.3049645390070922,0.3049645390070922,0.2198581560283688,0.3049645390070922,0.16312056737588654,-0.03191489361702127,0.08510638297872339,-0.11783960720130937,-0.025095471903982536,0.25149700598802394,42,167
MVTec,screw,5,0.25,0.5203935232629637,0.45460135273621644,0.5076860012297602,0.5453986472637835,0.6323017011682722,0.025210084033613446,0.17647058823529413,0.15966386554621848,0.21008403361344538,0.2773109243697479,-0.05308464849354372,0.016806722689075654,-0.09079729452756707,-0.1777003484320558,0.25,40,160
MVTec,tile,5,0.25,0.9076479076479076,0.9859307359307359,0.7997835497835498,0.9076479076479076,0.9087301587301587,0.7261904761904762,0.9761904761904762,0.27380952380952384,0.7261904761904762,0.7380952380952381,0.18614718614718606,0.7023809523809523,0.07828282828282829,0.07720057720057716,0.2564102564102564,30,117
MVTec,toothbrush,5,0.25,0.9777777777777777,0.825,0.8722222222222222,0.9777777777777777,0.875,0.9,0.36666666666666664,0.26666666666666666,0.9,0.3,-0.047222222222222276,0.09999999999999998,-0.1527777777777778,-0.050000000000000044,0.2619047619047619,11,42
MVTec,transistor,5,0.25,0.8583333333333333,0.79625,0.7545833333333334,0.8579166666666667,0.6683333333333333,0.525,0.5,0.325,0.525,0.1,0.04166666666666663,0.175,-0.06166666666666665,0.12791666666666668,0.25,25,100
MVTec,wood,5,0.25,0.7263157894736842,0.9842105263157894,0.6552631578947369,0.7263157894736842,0.7578947368421053,0.43333333333333335,0.8833333333333333,0.25,0.43333333333333335,0.5166666666666667,0.32894736842105254,0.6333333333333333,0.2578947368421052,0.22631578947368414,0.25316455696202533,20,79
MVTec,zipper,5,0.25,0.9178046218487395,0.7166491596638656,0.7694327731092437,0.9178046218487395,0.789390756302521,0.7563025210084033,0.226890756302521,0.24369747899159663,0.7563025210084033,0.2605042016806723,-0.052783613445378186,-0.016806722689075626,-0.2011554621848739,-0.07274159663865543,0.25165562913907286,38,151
MVTec,bottle,17,0.25,0.9515873015873015,0.9857142857142858,0.926984126984127,0.9515873015873015,0.9555555555555556,0.6984126984126984,0.9841269841269841,0.31746031746031744,0.6984126984126984,0.746031746031746,0.058730158730158744,0.6666666666666666,0.03412698412698423,0.030158730158730163,0.25301204819277107,21,83
MVTec,cable,17,0.25,0.787856071964018,0.8601949025487257,0.6922788605697151,0.7968515742128935,0.7455022488755623,0.2717391304347826,0.7282608695652174,0.2608695652173913,0.3695652173913043,0.32608695652173914,0.16791604197901056,0.4673913043478261,0.06334332833583212,0.11469265367316339,0.25333333333333335,38,150
MVTec,capsule,17,0.25,0.7287594734742721,0.7120063821300359,0.6769046669325888,0.7319505384922218,0.6146788990825688,0.23853211009174313,0.21100917431192662,0.24770642201834864,0.27522935779816515,0.21100917431192662,0.03510171519744709,-0.03669724770642202,-0.01994415636218594,0.09732748304746708,0.25,33,132
MVTec,carpet,17,0.25,0.5212680577849117,0.9289727126805778,0.5674157303370787,0.562199036918138,0.6500802568218299,0.056179775280898875,0.898876404494382,0.23595505617977527,0.20224719101123595,0.34831460674157305,0.3615569823434991,0.6629213483146067,0.3667736757624398,0.2788924558587479,0.2564102564102564,30,117
MVTec,grid,17,0.25,0.46365914786967416,0.5923141186299081,0.46867167919799496,0.48955722639933164,0.5605680868838764,0.05263157894736842,0.3684210526315789,0.19298245614035087,0.12280701754385964,0.3157894736842105,0.12364243943191316,0.17543859649122806,0.10275689223057649,0.031746031746031744,0.2564102564102564,20,78
MVTec,hazelnut,17,0.25,0.9178571428571428,0.9846428571428572,0.6960714285714286,0.9178571428571428,0.9339285714285714,0.6714285714285714,0.9714285714285714,0.21428571428571427,0.6714285714285714,0.7285714285714285,0.2885714285714286,0.7571428571428571,0.06678571428571434,0.05071428571428571,0.2545454545454545,28,110
MVTec,leather,17,0.25,0.90625,1.0,0.7693614130434783,0.9065896739130435,0.9249320652173914,0.7391304347826086,1.0,0.2608695652173913,0.7391304347826086,0.7934782608695652,0.23063858695652173,0.7391304347826086,0.09341032608695654,0.07506793478260865,0.25,31,124
MVTec,metal_nut,17,0.25,0.7839687194525904,0.906158357771261,0.6847507331378299,0.7839687194525904,0.7517106549364614,0.4946236559139785,0.8064516129032258,0.24731182795698925,0.4946236559139785,0.26881720430107525,0.2214076246334311,0.5591397849462365,0.12218963831867058,0.15444770283479958,0.25217391304347825,29,115
MVTec,pill,17,0.25,0.7515002727768685,0.6284779050736498,0.7430441898527005,0.7515002727768685,0.6192034915439171,0.3191489361702128,0.3333333333333333,0.24822695035460993,0.3191489361702128,0.20567375886524822,-0.11456628477905073,0.08510638297872339,-0.12302236770321873,0.009274413529732684,0.25149700598802394,42,167
MVTec,screw,17,0.25,0.5353556056568969,0.4826808772289404,0.5148596023775364,0.5531871285099406,0.608526337364214,0.06722689075630252,0.18487394957983194,0.14285714285714285,0.20168067226890757,0.23529411764705882,-0.03217872514859599,0.04201680672268909,-0.07050625128100019,-0.12584546013527365,0.25,40,160
MVTec,tile,17,0.25,0.8867243867243867,0.9841269841269841,0.6926406926406926,0.8867243867243867,0.8867243867243867,0.6666666666666666,0.9761904761904762,0.23809523809523808,0.6666666666666666,0.6666666666666666,0.29148629148629146,0.7380952380952381,0.09740259740259738,0.09740259740259738,0.2564102564102564,30,117
MVTec,toothbrush,17,0.25,0.9722222222222222,0.8138888888888889,0.975,0.9722222222222222,0.875,0.9,0.3333333333333333,0.9333333333333333,0.9,0.3,-0.1611111111111111,-0.6000000000000001,-0.15833333333333333,-0.061111111111111116,0.2619047619047619,11,42
MVTec,transistor,17,0.25,0.8425,0.815,0.73,0.8433333333333334,0.6958333333333333,0.475,0.4,0.25,0.475,0.175,0.08499999999999996,0.15000000000000002,-0.028333333333333433,0.11916666666666664,0.25,25,100
MVTec,wood,17,0.25,0.7508771929824561,0.9815789473684211,0.6842105263157895,0.7508771929824561,0.8149122807017544,0.43333333333333335,0.8833333333333333,0.21666666666666667,0.43333333333333335,0.55,0.2973684210526316,0.6666666666666666,0.23070175438596496,0.16666666666666674,0.25316455696202533,20,79
MVTec,zipper,17,0.25,0.9283088235294118,0.8240546218487395,0.6688550420168067,0.9283088235294118,0.7985819327731093,0.7647058823529411,0.2857142857142857,0.21008403361344538,0.7647058823529411,0.2605042016806723,0.15519957983193278,0.07563025210084032,-0.10425420168067234,0.02547268907563016,0.25165562913907286,38,151
MVTec,bottle,29,0.25,0.9444444444444444,0.9857142857142858,0.8523809523809524,0.9444444444444444,0.9507936507936507,0.6984126984126984,0.9841269841269841,0.2857142857142857,0.6984126984126984,0.7619047619047619,0.13333333333333341,0.6984126984126984,0.041269841269841345,0.03492063492063502,0.25301204819277107,21,83
MVTec,cable,29,0.25,0.8000374812593704,0.8628185907046477,0.7218890554722639,0.8060344827586207,0.7683658170914542,0.33695652173913043,0.7608695652173914,0.2717391304347826,0.3695652173913043,0.33695652173913043,0.14092953523238383,0.48913043478260876,0.05678410794602706,0.09445277361319349,0.25333333333333335,38,150
MVTec,capsule,29,0.25,0.7391304347826086,0.6593538093338652,0.6924611088950937,0.7403270841643399,0.5580374950139609,0.25688073394495414,0.3944954128440367,0.25688073394495414,0.27522935779816515,0.2018348623853211,-0.03310729956122849,0.13761467889908258,-0.08097327483047467,0.10131631431990429,0.25,33,132
MVTec,carpet,29,0.25,0.5377207062600321,0.9606741573033708,0.5509630818619583,0.5770465489566613,0.6637239165329053,0.056179775280898875,0.9325842696629213,0.24719101123595505,0.20224719101123595,0.34831460674157305,0.4097110754414125,0.6853932584269662,0.3836276083467095,0.2969502407704655,0.2564102564102564,30,117
MVTec,grid,29,0.25,0.529657477025898,0.5923141186299081,0.5513784461152882,0.5396825396825397,0.5973266499582289,0.10526315789473684,0.2807017543859649,0.22807017543859648,0.14035087719298245,0.2982456140350877,0.040935672514619936,0.05263157894736842,0.052631578947368474,-0.005012531328320802,0.2564102564102564,20,78
MVTec,hazelnut,29,0.25,0.8985714285714286,0.99,0.7825,0.8985714285714286,0.9257142857142857,0.5714285714285714,0.9714285714285714,0.2714285714285714,0.5714285714285714,0.6714285714285714,0.20750000000000002,0.7,0.09142857142857141,0.06428571428571428,0.2545454545454545,28,110
MVTec,leather,29,0.25,0.9133831521739131,1.0,0.8284646739130435,0.9137228260869565,0.9296875,0.75,1.0,0.2826086956521739,0.75,0.7934782608695652,0.17153532608695654,0.7173913043478262,0.08627717391304346,0.0703125,0.25,31,124
MVTec,metal_nut,29,0.25,0.7996089931573802,0.9173998044965787,0.782991202346041,0.7996089931573802,0.6671554252199413,0.4838709677419355,0.8172043010752689,0.27956989247311825,0.4838709677419355,0.24731182795698925,0.13440860215053763,0.5376344086021506,0.11779081133919844,0.25024437927663734,0.25217391304347825,29,115
MVTec,pill,29,0.25,0.7733224222585925,0.6481178396072013,0.7064920894708129,0.7725040916530278,0.6535733769776323,0.3049645390070922,0.3049645390070922,0.1347517730496454,0.3049645390070922,0.20567375886524822,-0.058374249863611616,0.1702127659574468,-0.12438625204582654,-0.0054555373704310295,0.25149700598802394,42,167
MVTec,screw,29,0.25,0.5357655257224841,0.492723918835827,0.49395367903258863,0.5535970485755277,0.5894650543144087,0.04201680672268908,0.17647058823529413,0.10084033613445378,0.15126050420168066,0.18487394957983194,-0.0012297601967616312,0.07563025210084034,-0.060873129739700715,-0.09674113547858165,0.25,40,160
MVTec,tile,29,0.25,0.9004329004329005,0.9873737373737373,0.7698412698412699,0.9004329004329005,0.9004329004329005,0.6904761904761905,0.9880952380952381,0.2619047619047619,0.6904761904761905,0.6904761904761905,0.21753246753246747,0.7261904761904763,0.08694083694083687,0.08694083694083687,0.2564102564102564,30,117
MVTec,toothbrush,29,0.25,0.9722222222222222,0.9722222222222222,0.9166666666666666,0.9722222222222222,0.875,0.9333333333333333,0.9333333333333333,0.3333333333333333,0.9333333333333333,0.3,0.05555555555555558,0.6000000000000001,0.0,0.09722222222222221,0.2619047619047619,11,42
MVTec,transistor,29,0.25,0.82625,0.86875,0.7520833333333333,0.8266666666666667,0.6645833333333333,0.45,0.6,0.275,0.45,0.15,0.1166666666666667,0.32499999999999996,0.04208333333333336,0.20416666666666672,0.25,25,100
MVTec,wood,29,0.25,0.75,0.9815789473684211,0.6605263157894737,0.75,0.8061403508771929,0.48333333333333334,0.8833333333333333,0.25,0.48333333333333334,0.5833333333333334,0.32105263157894737,0.6333333333333333,0.2315789473684211,0.17543859649122817,0.25316455696202533,20,79
MVTec,zipper,29,0.25,0.9133403361344538,0.7415966386554622,0.8001575630252101,0.9133403361344538,0.790703781512605,0.7394957983193278,0.31932773109243695,0.24369747899159663,0.7394957983193278,0.2605042016806723,-0.05856092436974791,0.07563025210084032,-0.17174369747899154,-0.049107142857142794,0.25165562913907286,38,151
MVTec,bottle,5,0.5,0.9523809523809523,0.9865079365079366,0.7476190476190476,0.9523809523809523,0.9706349206349206,0.7142857142857143,0.9841269841269841,0.5079365079365079,0.7142857142857143,0.8888888888888888,0.23888888888888893,0.47619047619047616,0.03412698412698423,0.015873015873015928,0.5060240963855421,42,83
MVTec,cable,5,0.5,0.8002248875562219,0.8628185907046477,0.698088455772114,0.8440779610194903,0.7526236881559221,0.2826086956521739,0.782608695652174,0.4673913043478261,0.6630434782608695,0.5543478260869565,0.16473013493253374,0.31521739130434784,0.01874062968515744,0.11019490254872566,0.5,75,150
MVTec,capsule,5,0.5,0.7351416035101715,0.72317510969286,0.676505783805345,0.7802153968887116,0.5257279617072198,0.22018348623853212,0.3669724770642202,0.45871559633027525,0.3761467889908257,0.3394495412844037,0.046669325887515045,-0.09174311926605505,-0.057040287195851525,0.19744714798564023,0.5,66,132
MVTec,carpet,5,0.5,0.5256821829855538,0.956661316211878,0.622792937399679,0.7026484751203852,0.8069823434991974,0.056179775280898875,0.9213483146067416,0.48314606741573035,0.5168539325842697,0.6629213483146067,0.333868378812199,0.43820224719101125,0.2540128410914928,0.1496789727126806,0.5042735042735043,59,117
MVTec,grid,5,0.5,0.5672514619883041,0.6257309941520468,0.6257309941520468,0.5873015873015873,0.631578947368421,0.14035087719298245,0.3157894736842105,0.43859649122807015,0.22807017543859648,0.43859649122807015,0.0,-0.12280701754385964,0.03842940685045948,-0.005847953216374213,0.5,39,78
MVTec,hazelnut,5,0.5,0.9057142857142857,0.9821428571428571,0.6789285714285714,0.9164285714285715,0.8664285714285714,0.6428571428571429,0.9714285714285714,0.4714285714285714,0.7428571428571429,0.6285714285714286,0.30321428571428566,0.5,0.06571428571428561,0.11571428571428566,0.5,55,110
MVTec,leather,5,0.5,0.9059103260869565,0.9996603260869565,0.7034646739130435,0.9164402173913043,0.9636548913043478,0.6847826086956522,1.0,0.4891304347826087,0.6847826086956522,0.8478260869565217,0.2961956521739131,0.5108695652173914,0.08322010869565222,0.03600543478260876,0.5,62,124
MVTec,metal_nut,5,0.5,0.7634408602150538,0.9506353861192571,0.7043010752688172,0.7844574780058651,0.7468230694037146,0.41935483870967744,0.9032258064516129,0.4946236559139785,0.5913978494623656,0.4838709677419355,0.24633431085043989,0.4086021505376344,0.16617790811339206,0.20381231671554256,0.5043478260869565,58,115
MVTec,pill,5,0.5,0.7525913802509547,0.6475722858701582,0.5957446808510638,0.7733224222585925,0.5894708128750682,0.3049645390070922,0.3333333333333333,0.3546099290780142,0.524822695035461,0.3191489361702128,0.05182760501909445,-0.021276595744680882,-0.12575013638843424,0.05810147299509005,0.5029940119760479,84,167
MVTec,screw,5,0.5,0.5203935232629637,0.5544168887067021,0.5427341668374667,0.6021725763476122,0.6476737036277925,0.025210084033613446,0.24369747899159663,0.2773109243697479,0.3445378151260504,0.29411764705882354,0.011682721869235468,-0.03361344537815128,-0.047755687640910094,-0.09325681492109039,0.5,80,160
MVTec,tile,5,0.5,0.9076479076479076,0.9873737373737373,0.7348484848484849,0.9094516594516594,0.9307359307359307,0.7261904761904762,0.9880952380952381,0.5119047619047619,0.7261904761904762,0.8333333333333334,0.2525252525252525,0.4761904761904763,0.07792207792207795,0.0566378066378066,0.5042735042735043,59,117
MVTec,toothbrush,5,0.5,0.9777777777777777,0.8694444444444445,0.5694444444444444,0.9777777777777777,0.7972222222222223,0.9,0.5,0.3,0.9,0.43333333333333335,0.30000000000000004,0.2,-0.10833333333333328,0.07222222222222219,0.5,21,42
MVTec,transistor,5,0.5,0.8583333333333333,0.8679166666666667,0.7904166666666667,0.8970833333333333,0.5516666666666666,0.525,0.7,0.525,0.775,0.275,0.07750000000000001,0.17499999999999993,-0.029166666666666674,0.31625000000000003,0.5,50,100
MVTec,wood,5,0.5,0.7263157894736842,0.9842105263157894,0.6719298245614035,0.7342105263157894,0.9184210526315789,0.43333333333333335,0.8833333333333333,0.4666666666666667,0.5,0.8333333333333334,0.31228070175438594,0.41666666666666663,0.25,0.06578947368421051,0.5063291139240507,40,79
MVTec,zipper,5,0.5,0.9178046218487395,0.6940651260504201,0.7198004201680672,0.9178046218487395,0.7502626050420168,0.7563025210084033,0.44537815126050423,0.4957983193277311,0.7563025210084033,0.5042016806722689,-0.02573529411764708,-0.05042016806722688,-0.2237394957983193,-0.05619747899159666,0.5033112582781457,76,151
MVTec,bottle,17,0.5,0.9515873015873015,0.984920634920635,0.7825396825396825,0.9515873015873015,0.9555555555555556,0.6984126984126984,0.9841269841269841,0.5238095238095238,0.6984126984126984,0.6507936507936508,0.20238095238095244,0.46031746031746024,0.03333333333333344,0.029365079365079372,0.5060240963855421,42,83
MVTec,cable,17,0.5,0.787856071964018,0.8665667166416792,0.7271364317841079,0.8390179910044977,0.7779235382308846,0.2717391304347826,0.782608695652174,0.5217391304347826,0.6195652173913043,0.5978260869565217,0.13943028485757125,0.26086956521739135,0.02754872563718147,0.08864317841079461,0.5,75,150
MVTec,capsule,17,0.5,0.7287594734742721,0.7155963302752294,0.5871559633027523,0.7710410849621061,0.6238532110091743,0.23853211009174313,0.3302752293577982,0.41284403669724773,0.3944954128440367,0.42201834862385323,0.12844036697247707,-0.08256880733944955,-0.05544475468687671,0.09174311926605505,0.5,66,132
MVTec,carpet,17,0.5,0.5212680577849117,0.9630818619582665,0.6071428571428571,0.6986356340288925,0.8142054574638844,0.056179775280898875,0.9325842696629213,0.47191011235955055,0.5168539325842697,0.6629213483146067,0.3559390048154094,0.46067415730337075,0.264446227929374,0.1488764044943821,0.5042735042735043,59,117
MVTec,grid,17,0.5,0.46365914786967416,0.6382623224728488,0.5639097744360902,0.5430242272347535,0.5889724310776943,0.05263157894736842,0.22807017543859648,0.15789473684210525,0.15789473684210525,0.43859649122807015,0.0743525480367585,0.07017543859649122,0.09523809523809523,0.049289891395154495,0.5,39,78
MVTec,hazelnut,17,0.5,0.9178571428571428,0.9925,0.7071428571428572,0.9282142857142858,0.8953571428571429,0.6714285714285714,0.9857142857142858,0.4714285714285714,0.7571428571428571,0.6571428571428571,0.28535714285714286,0.5142857142857143,0.06428571428571428,0.0971428571428572,0.5,55,110
MVTec,leather,17,0.5,0.90625,1.0,0.7819293478260869,0.9171195652173914,0.9619565217391305,0.7391304347826086,1.0,0.532608695652174,0.7391304347826086,0.8804347826086957,0.21807065217391308,0.46739130434782605,0.08288043478260865,0.03804347826086951,0.5,62,124
MVTec,metal_nut,17,0.5,0.7839687194525904,0.9418377321603129,0.6881720430107527,0.7971652003910068,0.7434017595307918,0.4946236559139785,0.8817204301075269,0.4838709677419355,0.5913978494623656,0.4838709677419355,0.2536656891495601,0.3978494623655914,0.14467253176930606,0.19843597262952106,0.5043478260869565,58,115
MVTec,pill,17,0.5,0.7515002727768685,0.6192034915439171,0.6871249318057828,0.7648663393344245,0.5951991271140207,0.3191489361702128,0.3829787234042553,0.28368794326241137,0.5390070921985816,0.3120567375886525,-0.06792144026186575,0.09929078014184395,-0.14566284779050742,0.024004364429896397,0.5029940119760479,84,167
MVTec,screw,17,0.5,0.5353556056568969,0.5634351301496209,0.5144496823119492,0.5822914531666326,0.6675548268087723,0.06722689075630252,0.23529411764705882,0.16806722689075632,0.2689075630252101,0.2857142857142857,0.04898544783767167,0.0672268907563025,-0.018856323017011678,-0.10411969665915144,0.5,80,160
MVTec,tile,17,0.5,0.8867243867243867,0.9989177489177489,0.6796536796536796,0.8885281385281385,0.9163059163059163,0.6666666666666666,1.0,0.47619047619047616,0.6785714285714286,0.7857142857142857,0.31926406926406925,0.5238095238095238,0.11038961038961037,0.08261183261183258,0.5042735042735043,59,117
MVTec,toothbrush,17,0.5,0.9722222222222222,0.8555555555555555,0.8444444444444444,0.9722222222222222,0.7361111111111112,0.9,0.5,0.4666666666666667,0.9,0.4,0.011111111111111072,0.033333333333333326,-0.1166666666666667,0.11944444444444435,0.5,21,42
MVTec,transistor,17,0.5,0.8425,0.8270833333333333,0.7558333333333334,0.8733333333333333,0.6054166666666667,0.475,0.475,0.5,0.725,0.3,0.07124999999999992,-0.025000000000000022,-0.04625000000000001,0.22166666666666657,0.5,50,100
MVTec,wood,17,0.5,0.7508771929824561,0.9815789473684211,0.7035087719298245,0.762280701754386,0.9184210526315789,0.43333333333333335,0.8833333333333333,0.4666666666666667,0.5333333333333333,0.8166666666666667,0.2780701754385966,0.41666666666666663,0.2192982456140351,0.06315789473684219,0.5063291139240507,40,79
MVTec,zipper,17,0.5,0.9283088235294118,0.7381827731092437,0.782563025210084,0.9283088235294118,0.7536764705882353,0.7647058823529411,0.4957983193277311,0.5210084033613446,0.7647058823529411,0.5126050420168067,-0.04438025210084029,-0.025210084033613467,-0.19012605042016806,-0.015493697478991542,0.5033112582781457,76,151
MVTec,bottle,29,0.5,0.9444444444444444,0.984920634920635,0.6793650793650794,0.9444444444444444,0.9507936507936507,0.6984126984126984,0.9841269841269841,0.47619047619047616,0.6984126984126984,0.6507936507936508,0.3055555555555556,0.5079365079365079,0.040476190476190554,0.03412698412698423,0.5060240963855421,42,83
MVTec,cable,29,0.5,0.8000374812593704,0.8804347826086957,0.7485007496251874,0.843328335832084,0.7809220389805097,0.33695652173913043,0.8043478260869565,0.5434782608695652,0.6739130434782609,0.5760869565217391,0.13193403298350825,0.26086956521739135,0.03710644677661168,0.09951274362818596,0.5,75,150
MVTec,capsule,29,0.5,0.7391304347826086,0.7219784603111289,0.7004387714399681,0.7762265656162745,0.581970482648584,0.25688073394495414,0.5137614678899083,0.47706422018348627,0.3669724770642202,0.42201834862385323,0.021539688871160756,0.03669724770642202,-0.054248105305145566,0.1400079776625449,0.5,66,132
MVTec,carpet,29,0.5,0.5377207062600321,0.973916532905297,0.6958266452648475,0.7130818619582665,0.807784911717496,0.056179775280898875,0.9325842696629213,0.5280898876404494,0.5168539325842697,0.6629213483146067,0.2780898876404495,0.4044943820224719,0.2608346709470305,0.166131621187801,0.5042735042735043,59,117
MVTec,grid,29,0.5,0.529657477025898,0.6365914786967418,0.6407685881370092,0.5739348370927319,0.633249791144528,0.10526315789473684,0.42105263157894735,0.5087719298245614,0.21052631578947367,0.45614035087719296,-0.00417710944026739,-0.08771929824561409,0.06265664160400997,0.003341687552213868,0.5,39,78
MVTec,hazelnut,29,0.5,0.8985714285714286,1.0,0.7535714285714286,0.9110714285714285,0.8728571428571429,0.5714285714285714,1.0,0.5142857142857142,0.7285714285714285,0.6428571428571429,0.24642857142857144,0.48571428571428577,0.08892857142857147,0.1271428571428571,0.5,55,110
MVTec,leather,29,0.5,0.9133831521739131,1.0,0.7255434782608695,0.9242527173913043,0.9690896739130435,0.75,1.0,0.5,0.75,0.9021739130434783,0.2744565217391305,0.5,0.07574728260869568,0.03091032608695654,0.5,62,124
MVTec,metal_nut,29,0.5,0.7996089931573802,0.9354838709677419,0.6911045943304008,0.8118279569892473,0.7155425219941349,0.4838709677419355,0.8817204301075269,0.45161290322580644,0.5913978494623656,0.4838709677419355,0.24437927663734105,0.43010752688172044,0.12365591397849462,0.21994134897360695,0.5043478260869565,58,115
MVTec,pill,29,0.5,0.7733224222585925,0.6352973267866885,0.7351336606655755,0.7875068194217131,0.6118385160938352,0.3049645390070922,0.375886524822695,0.2553191489361702,0.524822695035461,0.3475177304964539,-0.09983633387888702,0.12056737588652483,-0.1522094926350246,0.02345881069285327,0.5029940119760479,84,167
MVTec,screw,29,0.5,0.5357655257224841,0.5894650543144087,0.47878663660586185,0.6077064972330396,0.648493543758967,0.04201680672268908,0.2773109243697479,0.18487394957983194,0.2857142857142857,0.24369747899159663,0.1106784177085468,0.09243697478991597,-0.018241442918630946,-0.059028489444558296,0.5,80,160
MVTec,tile,29,0.5,0.9004329004329005,0.9989177489177489,0.7997835497835498,0.9022366522366523,0.9256854256854257,0.6904761904761905,0.9880952380952381,0.5476190476190477,0.6904761904761905,0.8095238095238095,0.19913419913419905,0.44047619047619047,0.09668109668109659,0.0732323232323232,0.5042735042735043,59,117
MVTec,toothbrush,29,0.5,0.9722222222222222,0.8055555555555556,0.7583333333333333,0.9722222222222222,0.7916666666666666,0.9333333333333333,0.3,0.4,0.9333333333333333,0.4,0.047222222222222276,-0.10000000000000003,-0.16666666666666663,0.01388888888888895,0.5,21,42
MVTec,transistor,29,0.5,0.82625,0.865,0.6929166666666666,0.8575,0.5391666666666667,0.45,0.7,0.45,0.725,0.25,0.17208333333333337,0.24999999999999994,0.007499999999999951,0.3258333333333333,0.5,50,100
MVTec,wood,29,0.5,0.75,0.9815789473684211,0.6771929824561403,0.7614035087719299,0.9210526315789473,0.48333333333333334,0.8833333333333333,0.48333333333333334,0.5333333333333333,0.85,0.30438596491228076,0.39999999999999997,0.22017543859649125,0.06052631578947376,0.5063291139240507,40,79
MVTec,zipper,29,0.5,0.9133403361344538,0.7773109243697479,0.740546218487395,0.9133403361344538,0.7633928571428571,0.7394957983193278,0.6638655462184874,0.48739495798319327,0.7394957983193278,0.5126050420168067,0.03676470588235292,0.1764705882352941,-0.13602941176470584,0.013918067226890818,0.5033112582781457,76,151
